{
  "{vendor}-{uuApp}-{uuSubApp}": {
    "useCaseMap": {
      "sys/uuAppWorkspace/init": {
        "realization": "api/controllers/ShoppinglistMainController.init",
        "httpMethod": "POST",
        "type": "CMD"
      },
      "sys/uuAppWorkspace/load": {
        "realization": "api/controllers/ShoppinglistMainController.load",
        "httpMethod": "GET",
        "type": "CMD"
      },
      "sys/uuAppWorkspace/loadBasicData": {
        "realization": "api/controllers/ShoppinglistMainController.loadBasicData",
        "httpMethod": "GET",
        "type": "CMD"
      },
      "defaultUve": {
        "realization": "index.html",
        "httpMethod": "GET",
        "type": "UVE"
      },
      "sys/uuAppWorkspace/initUve": {
        "realization": "index.html",
        "httpMethod": "GET",
        "type": "UVE"
      },
      "shoppinglist/create": {
        "realization": "api/controllers/ShoppinglistController.create",
        "httpMethod": "POST",
        "type": "CMD"
      }
    }
  }
}