{
  "{asid}": {
    "profileList": ["AsidAuthorities","AsidExecutives","AsidLicenseOwner","Public"],
    "useCaseMap": {}
  },
  "*": {
    "profileList": ["Authorities","Executives","AwidLicenseOwner","Authenticated"],
    "useCaseMap": {
      "sys/uuAppWorkspace/init": {
        "sysStateList": ["created","assigned"],
        "profileList": ["AwidLicenseOwner","AwidInitiator"]
      },
      "sys/uuAppWorkspace/load": {
        "sysStateList": ["active"],
        "profileList": ["Authenticated"]
      },
      "sys/uuAppWorkspace/loadBasicData": {
        "sysStateList": ["active"],
        "profileList": ["Authenticated"]
      },
      "defaultUve": {
        "profileList": ["Authenticated"]
      },
      "sys/uuAppWorkspace/initUve": {
        "sysStateList": ["created"],
        "profileList": ["Authenticated","AwidLicenseOwner"]
      },
      "shoppinglist/create": {
        "sysStateList": ["active"],
        "profileList": ["Authenticated"]
      }
    }
  }
}